Category (Col. 1),State/UT ,SC/ST (Prevention of Atrocities) Act r/w IPC (Total) ,SC/ST (Prevention of Atrocities) Act r/w IPC (Total) ,SC/ST (Prevention of Atrocities) Act r/w IPC (Total) ,SC/ST (Prevention of Atrocities) Act - Murder (Sec. 302 IPC) - V (Col. 7),SC/ST (Prevention of Atrocities) Act - Murder (Sec. 302 IPC) - R (Col. 8),SC/ST (Prevention of Atrocities) Act - Attempt to Commit Murder (Sec. 307 IPC) ,SC/ST (Prevention of Atrocities) Act - Attempt to Commit Murder (Sec. 307 IPC) ,SC/ST (Prevention of Atrocities) Act - Attempt to Commit Murder (Sec. 307 IPC) ,"SC/ST (Prevention of Atrocities) Act r/w IPC - Simple Hurt (Secs. 323 r/w IPC 324, 327, 328, 330, 332, 353 IPC)","SC/ST (Prevention of Atrocities) Act r/w IPC - Simple Hurt (Secs. 323 r/w IPC 324, 327, 328, 330, 332, 353 IPC) ","SC/ST (Prevention of Atrocities) Act r/w IPC - Simple Hurt (Secs. 323 r/w IPC 324, 327, 328, 330, 332, 353 IPC) ",SC/ST (Prevention of Atrocities) Act r/w IPC - Grievous Hurt - Grievous Hurt (Sec. 325 & 326 IPC) (Total),SC/ST (Prevention of Atrocities) Act r/w IPC - Grievous Hurt - Grievous Hurt (Sec. 325 & 326 IPC) (Total) ,SC/ST (Prevention of Atrocities) Act r/w IPC - Grievous Hurt - Grievous Hurt (Sec. 325 & 326 IPC) (Total) - R (Col. 17),SC/ST (Prevention of Atrocities) Act r/w IPC - Grievous Hurt - A) Grievous Hurt - I (Col. 18),SC/ST (Prevention of Atrocities) Act r/w IPC - Grievous Hurt - A) Grievous Hurt - V (Col. 19),SC/ST (Prevention of Atrocities) Act r/w IPC - Grievous Hurt - A) Grievous Hurt - R (Col. 20),SC/ST (Prevention of Atrocities) Act r/w IPC - Grievous Hurt - B) Acid Attack (Sec. 326A IPC) - I (Col. 21),SC/ST (Prevention of Atrocities) Act r/w IPC - Grievous Hurt - B) Acid Attack (Sec. 326A IPC) - V (Col. 22),SC/ST (Prevention of Atrocities) Act r/w IPC - Grievous Hurt - B) Acid Attack (Sec. 326A IPC) - R (Col. 23),SC/ST (Prevention of Atrocities) Act r/w IPC - Grievous Hurt - C) Attempt to Acid Attack (Sec. 326B IPC) - I (Col. 24),SC/ST (Prevention of Atrocities) Act r/w IPC - Grievous Hurt - C) Attempt to Acid Attack (Sec. 326B IPC) - V (Col. 25),SC/ST (Prevention of Atrocities) Act r/w IPC - Grievous Hurt - C) Attempt to Acid Attack (Sec. 326B IPC) - R (Col. 26),"SC/ST (Prevention of Atrocities) Act r/w IPC - Grievous Hurt - D) Other Grievous Hurt (Secs. 329, 331, 333, 335 IPC) - I (Col. 27)","SC/ST (Prevention of Atrocities) Act r/w IPC - Grievous Hurt - D) Other Grievous Hurt (Secs. 329, 331, 333, 335 IPC) - V (Col. 28)","SC/ST (Prevention of Atrocities) Act r/w IPC - Grievous Hurt - D) Other Grievous Hurt (Secs. 329, 331, 333, 335 IPC) - R (Col. 29)",SC/ST (Prevention of Atrocities) Act r/w IPC - Assault on Women with Intent to Outrage her Modesty - Assault on Women with Intent to Outrage her Modesty (Adults+Children) - I (Col. 30),SC/ST (Prevention of Atrocities) Act r/w IPC - Assault on Women with Intent to Outrage her Modesty - Assault on Women with Intent to Outrage her Modesty (Adults+Children) - V (Col. 31),SC/ST (Prevention of Atrocities) Act r/w IPC - Assault on Women with Intent to Outrage her Modesty - Assault on Women with Intent to Outrage her Modesty (Adults+Children) - R (Col. 32),SC/ST (Prevention of Atrocities) Act r/w IPC - Assault on Women with Intent to Outrage her Modesty - A) Assault on Women (Above 18 years) - I (Col. 33),SC/ST (Prevention of Atrocities) Act r/w IPC - Assault on Women with Intent to Outrage her Modesty - A) Assault on Women (Above 18 years) - V (Col. 34),SC/ST (Prevention of Atrocities) Act r/w IPC - Assault on Women with Intent to Outrage her Modesty - A) Assault on Women (Above 18 years) - R (Col. 35),SC/ST (Prevention of Atrocities) Act r/w IPC - Assault on Women with Intent to Outrage her Modesty - a1) Assault on Adult Women with Intent to Outrage her Modesty (Sec. 354 IPC) - I (Col. 36),SC/ST (Prevention of Atrocities) Act r/w IPC - Assault on Women with Intent to Outrage her Modesty - a1) Assault on Adult Women with Intent to Outrage her Modesty (Sec. 354 IPC) - V (Col. 37),SC/ST (Prevention of Atrocities) Act r/w IPC - Assault on Women with Intent to Outrage her Modesty - a1) Assault on Adult Women with Intent to Outrage her Modesty (Sec. 354 IPC) - R (Col. 38),SC/ST (Prevention of Atrocities) Act r/w IPC - Assault on Women with Intent to Outrage her Modesty - a2) Sexual Harassment (Sec. 354A IPC) - I (Col. 39),SC/ST (Prevention of Atrocities) Act r/w IPC - Assault on Women with Intent to Outrage her Modesty - a2) Sexual Harassment (Sec. 354A IPC) - V (Col. 40),SC/ST (Prevention of Atrocities) Act r/w IPC - Assault on Women with Intent to Outrage her Modesty - a2) Sexual Harassment (Sec. 354A IPC) - R (Col. 41),SC/ST (Prevention of Atrocities) Act r/w IPC - Assault on Women with Intent to Outrage her Modesty - a3) Assault or use of Criminal Force on women with intent to Disrobe (Sec. 354B IPC) - I (Col. 42),SC/ST (Prevention of Atrocities) Act r/w IPC - Assault on Women with Intent to Outrage her Modesty - a3) Assault or use of Criminal Force on women with intent to Disrobe (Sec. 354B IPC) - V (Col. 43),SC/ST (Prevention of Atrocities) Act r/w IPC - Assault on Women with Intent to Outrage her Modesty - a3) Assault or use of Criminal Force on women with intent to Disrobe (Sec. 354B IPC) - R (Col. 44),SC/ST (Prevention of Atrocities) Act r/w IPC - Assault on Women with Intent to Outrage her Modesty - a4) Voyeurism (Sec. 354C IPC) - I (Col. 45),SC/ST (Prevention of Atrocities) Act r/w IPC - Assault on Women with Intent to Outrage her Modesty - a4) Voyeurism (Sec. 354C IPC) - V (Col. 46),SC/ST (Prevention of Atrocities) Act r/w IPC - Assault on Women with Intent to Outrage her Modesty - a4) Voyeurism (Sec. 354C IPC) - R (Col. 47),SC/ST (Prevention of Atrocities) Act r/w IPC - Assault on Women with Intent to Outrage her Modesty - a5) Stalking (Sec. 354D IPC) - I (Col. 48),SC/ST (Prevention of Atrocities) Act r/w IPC - Assault on Women with Intent to Outrage her Modesty - a5) Stalking (Sec. 354D IPC) - V (Col. 49),SC/ST (Prevention of Atrocities) Act r/w IPC - Assault on Women with Intent to Outrage her Modesty - a5) Stalking (Sec. 354D IPC) - R (Col. 50),SC/ST (Prevention of Atrocities) Act r/w IPC - Assault on Women with Intent to Outrage her Modesty - B) Assault of Children POCSO Act 8&10 or POCSO Act (Sec. 8&10 r/w 354 IPC) - I (Col. 51),SC/ST (Prevention of Atrocities) Act r/w IPC - Assault on Women with Intent to Outrage her Modesty - B) Assault of Children POCSO Act 8&10 or POCSO Act (Sec. 8&10 r/w 354 IPC) - V (Col. 52),SC/ST (Prevention of Atrocities) Act r/w IPC - Assault on Women with Intent to Outrage her Modesty - B) Assault of Children POCSO Act 8&10 or POCSO Act (Sec. 8&10 r/w 354 IPC) - R (Col. 53),SC/ST (Prevention of Atrocities) Act r/w IPC - Insult to the Modesty of Women (Sec. 509 IPC) - I (Col. 54),SC/ST (Prevention of Atrocities) Act r/w IPC - Insult to the Modesty of Women (Sec. 509 IPC) - V (Col. 55),SC/ST (Prevention of Atrocities) Act r/w IPC - Insult to the Modesty of Women (Sec. 509 IPC) - R (Col. 56),"SC/ST (Prevention of Atrocities) Act r/w IPC - Kidnapping and Abduction - Kidnapping and Abduction (Sec. 363, 363A, 364, 364A, 365, 366, 366A, 367, 368 & 369 IPC) (Total) - I (Col. 57)","SC/ST (Prevention of Atrocities) Act r/w IPC - Kidnapping and Abduction - Kidnapping and Abduction (Sec. 363, 363A, 364, 364A, 365, 366, 366A, 367, 368 & 369 IPC) (Total) - V (Col. 58)","SC/ST (Prevention of Atrocities) Act r/w IPC - Kidnapping and Abduction - Kidnapping and Abduction (Sec. 363, 363A, 364, 364A, 365, 366, 366A, 367, 368 & 369 IPC) (Total) - R (Col. 59)",SC/ST (Prevention of Atrocities) Act r/w IPC - Kidnapping and Abduction - Kidnapping and Abduction (Sec. 363 IPC) - I (Col. 60),SC/ST (Prevention of Atrocities) Act r/w IPC - Kidnapping and Abduction - Kidnapping and Abduction (Sec. 363 IPC) - V (Col. 61),SC/ST (Prevention of Atrocities) Act r/w IPC - Kidnapping and Abduction - Kidnapping and Abduction (Sec. 363 IPC) - R (Col. 62),SC/ST (Prevention of Atrocities) Act r/w IPC - Kidnapping and Abduction - A) Missing Children Deemed as Kidnapped - I (Col. 63),SC/ST (Prevention of Atrocities) Act r/w IPC - Kidnapping and Abduction - A) Missing Children Deemed as Kidnapped - V (Col. 64),SC/ST (Prevention of Atrocities) Act r/w IPC - Kidnapping and Abduction - A) Missing Children Deemed as Kidnapped - R (Col. 65),SC/ST (Prevention of Atrocities) Act r/w IPC - Kidnapping and Abduction - B)Other Kidnapping & Abduction - I (Col. 66),SC/ST (Prevention of Atrocities) Act r/w IPC - Kidnapping and Abduction - B)Other Kidnapping & Abduction - V (Col. 67),SC/ST (Prevention of Atrocities) Act r/w IPC - Kidnapping and Abduction - B)Other Kidnapping & Abduction - R (Col. 68),SC/ST (Prevention of Atrocities) Act r/w IPC - Kidnapping and Abduction - Kidnapping and Abduction for the Purpose of Begging (Sec. 363A IPC) - I (Col. 69),SC/ST (Prevention of Atrocities) Act r/w IPC - Kidnapping and Abduction - Kidnapping and Abduction for the Purpose of Begging (Sec. 363A IPC) - V (Col. 70),SC/ST (Prevention of Atrocities) Act r/w IPC - Kidnapping and Abduction - Kidnapping and Abduction for the Purpose of Begging (Sec. 363A IPC) - R (Col. 71),SC/ST (Prevention of Atrocities) Act r/w IPC - Kidnapping and Abduction - Kidnapping and Abduction in order to Murder (Sec. 364 IPC) - I (Col. 72),SC/ST (Prevention of Atrocities) Act r/w IPC - Kidnapping and Abduction - Kidnapping and Abduction in order to Murder (Sec. 364 IPC) - V (Col. 73),SC/ST (Prevention of Atrocities) Act r/w IPC - Kidnapping and Abduction - Kidnapping and Abduction in order to Murder (Sec. 364 IPC) - R (Col. 74),SC/ST (Prevention of Atrocities) Act r/w IPC - Kidnapping and Abduction - Kidnapping for Ransom (Sec. 364A IPC) - I (Col. 75),SC/ST (Prevention of Atrocities) Act r/w IPC - Kidnapping and Abduction - Kidnapping for Ransom (Sec. 364A IPC) - V (Col. 76),SC/ST (Prevention of Atrocities) Act r/w IPC - Kidnapping and Abduction - Kidnapping for Ransom (Sec. 364A IPC) - R (Col. 77),SC/ST (Prevention of Atrocities) Act r/w IPC - Kidnapping and Abduction - Kidnapping and Abduction of Women to compel her for marriage (Sec. 366 IPC) - I (Col. 78),SC/ST (Prevention of Atrocities) Act r/w IPC - Kidnapping and Abduction - Kidnapping and Abduction of Women to compel her for marriage (Sec. 366 IPC) - V (Col. 79),SC/ST (Prevention of Atrocities) Act r/w IPC - Kidnapping and Abduction - Kidnapping and Abduction of Women to compel her for marriage (Sec. 366 IPC) - R (Col. 80),SC/ST (Prevention of Atrocities) Act r/w IPC - Kidnapping and Abduction - Procuration of Minor Girls (Sec. 366A IPC) - I (Col. 81),SC/ST (Prevention of Atrocities) Act r/w IPC - Kidnapping and Abduction - Procuration of Minor Girls (Sec. 366A IPC) - V (Col. 82),SC/ST (Prevention of Atrocities) Act r/w IPC - Kidnapping and Abduction - Procuration of Minor Girls (Sec. 366A IPC) - R (Col. 83),"SC/ST (Prevention of Atrocities) Act r/w IPC - Kidnapping and Abduction - Other Kidnapping & Abducion (Sec.365, 366B, 367, 368, 369 IPC) - I (Col. 84)","SC/ST (Prevention of Atrocities) Act r/w IPC - Kidnapping and Abduction - Other Kidnapping & Abducion (Sec.365, 366B, 367, 368, 369 IPC) - V (Col. 85)","SC/ST (Prevention of Atrocities) Act r/w IPC - Kidnapping and Abduction - Other Kidnapping & Abducion (Sec.365, 366B, 367, 368, 369 IPC) - R (Col. 86)",SC/ST (Prevention of Atrocities) Act r/w IPC - Rape (Sec. 376 IPC) (Total) - I (Col. 87),SC/ST (Prevention of Atrocities) Act r/w IPC - Rape (Sec. 376 IPC) (Total) - V (Col. 88),SC/ST (Prevention of Atrocities) Act r/w IPC - Rape (Sec. 376 IPC) (Total) - R (Col. 89),SC/ST (Prevention of Atrocities) Act r/w IPC - A) Rape of Women (Sec. 376 IPC) (Above 18 yrs) - I (Col. 90),SC/ST (Prevention of Atrocities) Act r/w IPC - A) Rape of Women (Sec. 376 IPC) (Above 18 yrs) - V (Col. 91),SC/ST (Prevention of Atrocities) Act r/w IPC - A) Rape of Women (Sec. 376 IPC) (Above 18 yrs) - R (Col. 92),SC/ST (Prevention of Atrocities) Act r/w IPC - B) Rape of Children (Sec. 4 & 6 of POCSO Act or POCSO 4&6 r/w 376 IPC) (Below 18 yrs) - I (Col. 93),SC/ST (Prevention of Atrocities) Act r/w IPC - B) Rape of Children (Sec. 4 & 6 of POCSO Act or POCSO 4&6 r/w 376 IPC) (Below 18 yrs) - V (Col. 94),SC/ST (Prevention of Atrocities) Act r/w IPC - B) Rape of Children (Sec. 4 & 6 of POCSO Act or POCSO 4&6 r/w 376 IPC) (Below 18 yrs) - R (Col. 95),SC/ST (Prevention of Atrocities) Act r/w IPC - Attempt to Commit Rape (Sec. 376/511 IPC) - I (Col. 96),SC/ST (Prevention of Atrocities) Act r/w IPC - Attempt to Commit Rape (Sec. 376/511 IPC) - V (Col. 97),SC/ST (Prevention of Atrocities) Act r/w IPC - Attempt to Commit Rape (Sec. 376/511 IPC) - R (Col. 98),SC/ST (Prevention of Atrocities) Act r/w IPC - Rioting (Sec. 147-151 IPC) - I (Col. 99),SC/ST (Prevention of Atrocities) Act r/w IPC - Rioting (Sec. 147-151 IPC) - V (Col. 100),SC/ST (Prevention of Atrocities) Act r/w IPC - Rioting (Sec. 147-151 IPC) - R (Col. 101),"SC/ST (Prevention of Atrocities) Act r/w IPC - Robbery (Sec. 392 to 394, 397 & 398 IPC) - I (Col. 102)","SC/ST (Prevention of Atrocities) Act r/w IPC - Robbery (Sec. 392 to 394, 397 & 398 IPC) - V (Col. 103)","SC/ST (Prevention of Atrocities) Act r/w IPC - Robbery (Sec. 392 to 394, 397 & 398 IPC) - R (Col. 104)","SC/ST (Prevention of Atrocities) Act r/w IPC - Dacoity (Sec. 395, 396, 397 & 398 IPC) - Dacoity (Sec. 395, 396, 397 & 398 IPC) (Total) - I (Col. 105)","SC/ST (Prevention of Atrocities) Act r/w IPC - Dacoity (Sec. 395, 396, 397 & 398 IPC) - Dacoity (Sec. 395, 396, 397 & 398 IPC) (Total) - V (Col. 106)","SC/ST (Prevention of Atrocities) Act r/w IPC - Dacoity (Sec. 395, 396, 397 & 398 IPC) - Dacoity (Sec. 395, 396, 397 & 398 IPC) (Total) - R (Col. 107)","SC/ST (Prevention of Atrocities) Act r/w IPC - Dacoity (Sec. 395, 396, 397 & 398 IPC) - A) Dacoity with Murder (Sec. 396 IPC) - I (Col. 108)","SC/ST (Prevention of Atrocities) Act r/w IPC - Dacoity (Sec. 395, 396, 397 & 398 IPC) - A) Dacoity with Murder (Sec. 396 IPC) - V (Col. 109)","SC/ST (Prevention of Atrocities) Act r/w IPC - Dacoity (Sec. 395, 396, 397 & 398 IPC) - A) Dacoity with Murder (Sec. 396 IPC) - R (Col. 110)","SC/ST (Prevention of Atrocities) Act r/w IPC - Dacoity (Sec. 395, 396, 397 & 398 IPC) - B) Dacoity (Sec. 395, 397, 398 IPC) - I (Col. 111)","SC/ST (Prevention of Atrocities) Act r/w IPC - Dacoity (Sec. 395, 396, 397 & 398 IPC) - B) Dacoity (Sec. 395, 397, 398 IPC) - V (Col. 112)","SC/ST (Prevention of Atrocities) Act r/w IPC - Dacoity (Sec. 395, 396, 397 & 398 IPC) - B) Dacoity (Sec. 395, 397, 398 IPC) - R (Col. 113)","SC/ST (Prevention of Atrocities) Act r/w IPC - Arson (Sec. 435, 436 & 438 IPC) - I (Col. 114)","SC/ST (Prevention of Atrocities) Act r/w IPC - Arson (Sec. 435, 436 & 438 IPC) - V (Col. 115)","SC/ST (Prevention of Atrocities) Act r/w IPC - Arson (Sec. 435, 436 & 438 IPC) - R (Col. 116)",SC/ST (Prevention of Atrocities) Act r/w IPC - Criminal Intimidation (Sec. 506 IPC) - I (Col. 117),SC/ST (Prevention of Atrocities) Act r/w IPC - Criminal Intimidation (Sec. 506 IPC) - V (Col. 118),SC/ST (Prevention of Atrocities) Act r/w IPC - Criminal Intimidation (Sec. 506 IPC) - R (Col. 119),SC/ST (Prevention of Atrocities) Act r/w IPC - Other IPC crimes - I (Col. 120),SC/ST (Prevention of Atrocities) Act r/w IPC - Other IPC crimes - V (Col. 121),SC/ST (Prevention of Atrocities) Act r/w IPC - Other IPC crimes - R (Col. 122),SC / ST (Prevention of Atrocities) Act only - SC / ST (Prevention of Atrocities) Act only (Total) (Without IPC) - I (Col. 123),SC / ST (Prevention of Atrocities) Act only - SC / ST (Prevention of Atrocities) Act only (Total) (Without IPC) - V (Col. 124),SC / ST (Prevention of Atrocities) Act only - SC / ST (Prevention of Atrocities) Act only (Total) (Without IPC) - R (Col. 125),SC / ST (Prevention of Atrocities) Act only - A) Intentionally Insult or Intimidate with Intent to Humiliate - I (Col. 126),SC / ST (Prevention of Atrocities) Act only - A) Intentionally Insult or Intimidate with Intent to Humiliate - V (Col. 127),SC / ST (Prevention of Atrocities) Act only - A) Intentionally Insult or Intimidate with Intent to Humiliate - R (Col. 128),SC / ST (Prevention of Atrocities) Act only - B) Occupy/Disposes Land Belongs to SCs - I (Col. 129),SC / ST (Prevention of Atrocities) Act only - B) Occupy/Disposes Land Belongs to SCs - V (Col. 130),SC / ST (Prevention of Atrocities) Act only - B) Occupy/Disposes Land Belongs to SCs - R (Col. 131),SC / ST (Prevention of Atrocities) Act only - C) Prevent or deny or obstruct usage of public place/passage - I (Col. 132),SC / ST (Prevention of Atrocities) Act only - C) Prevent or deny or obstruct usage of public place/passage - V (Col. 133),SC / ST (Prevention of Atrocities) Act only - C) Prevent or deny or obstruct usage of public place/passage - R (Col. 134),SC / ST (Prevention of Atrocities) Act only - D) Force to leave place of Residence/Social Boycott - I (Col. 135),SC / ST (Prevention of Atrocities) Act only - D) Force to leave place of Residence/Social Boycott - V (Col. 136),SC / ST (Prevention of Atrocities) Act only - D) Force to leave place of Residence/Social Boycott - R (Col. 137),SC / ST (Prevention of Atrocities) Act only - E) Other Offences - I (Col. 138),SC / ST (Prevention of Atrocities) Act only - E) Other Offences - V (Col. 139),SC / ST (Prevention of Atrocities) Act only - E) Other Offences - R (Col. 140),Total of SC/ST (Prevention of Atrocities) Act (With & Without IPC) - I (Col. 141),Total of SC/ST (Prevention of Atrocities) Act (With & Without IPC) - V (Col. 142),Total of SC/ST (Prevention of Atrocities) Act (With & Without IPC) - R (Col. 143),"Protection of Civil Rights Act, 1955 - I (Col. 144)","Protection of Civil Rights Act, 1955 - V (Col. 145)","Protection of Civil Rights Act, 1955 - R (Col. 146)",Total Crime/Atrocities against Scheduled Castes - I (Col. 147),Total Crime/Atrocities against Scheduled Castes - V (Col. 148),Total Crime/Atrocities against Scheduled Castes - R (Col. 149)
State,Andhra Pradesh,1892,1938,22.4,38,0.4,49,50,0.6,481,503,5.7,11,11,0.1,11,11,0.1,0,0,0,0,0,0,0,0,0,201,205,2.4,194,198,2.3,134,138,1.6,27,27,0.3,9,9,0.1,3,3,0,21,21,0.2,7,7,0.1,94,98,1.1,23,24,0.3,16,17,0.2,4,4,0,12,13,0.1,0,0,0,0,0,0,2,2,0,0,0,0,1,1,0,4,4,0,112,112,1.3,74,74,0.9,38,38,0.4,6,6,0.1,9,9,0.1,1,1,0,0,0,0,0,0,0,0,0,0,4,8,0,278,278,3.3,586,595,6.9,179,193,2.1,115,122,1.4,2,2,0,1,1,0,0,0,0,61,68,0.7,2071,2131,24.5,0,0,0,2071,2131,24.5
State,Arunachal Pradesh,0,0,NA,0,NA,0,0,NA,0,0,NA,0,0,NA,0,0,NA,0,0,NA,0,0,NA,0,0,NA,0,0,NA,0,0,NA,0,0,NA,0,0,NA,0,0,NA,0,0,NA,0,0,NA,0,0,NA,0,0,NA,0,0,NA,0,0,NA,0,0,NA,0,0,NA,0,0,NA,0,0,NA,0,0,NA,0,0,NA,0,0,NA,0,0,NA,0,0,NA,0,0,NA,0,0,NA,0,0,NA,0,0,NA,0,0,NA,0,0,NA,0,0,NA,0,0,NA,0,0,NA,0,0,NA,0,0,NA,0,0,NA,0,0,NA,0,0,NA,0,0,NA,0,0,NA,0,0,NA,0,0,NA,0,0,NA,0,0,NA
State,Assam,17,17,0.8,0,0,0,0,0,0,0,0,0,0,0,0,0,0,0,0,0,0,0,0,0,0,0,0,0,0,0,0,0,0,0,0,0,0,0,0,0,0,0,0,0,0,0,0,0,0,0,0,0,0,0,0,0,0,0,0,0,0,0,0,0,0,0,0,0,0,0,0,0,0,0,0,0,0,0,0,0,0,0,0,1,1,0,1,1,0,0,0,0,0,0,0,0,0,0,0,0,0,0,0,0,0,0,0,0,0,0,0,0,0,0,0,0,16,16,0.7,4,4,0.2,1,1,0,0,0,0,0,0,0,1,1,0,2,2,0.1,21,21,0.9,0,0,0,21,21,0.9
State,Bihar,6540,6733,39.5,160,1,105,107,0.6,5310,5465,32.1,370,395,2.2,370,395,2.2,0,0,0,0,0,0,0,0,0,4,4,0,4,4,0,2,2,0,2,2,0,0,0,0,0,0,0,0,0,0,0,0,0,0,0,0,35,35,0.2,22,22,0.1,12,12,0.1,10,10,0.1,0,0,0,0,0,0,0,0,0,7,7,0,0,0,0,6,6,0,72,72,0.4,66,66,0.4,6,6,0,0,0,0,44,47,0.3,2,2,0,0,0,0,0,0,0,0,0,0,66,69,0.4,0,0,0,372,377,2.2,4,6,0,4,6,0,0,0,0,0,0,0,0,0,0,0,0,0,6544,6739,39.5,0,0,0,6544,6739,39.5
State,Chhattisgarh,339,346,10.4,8,0.2,3,3,0.1,66,67,2,6,6,0.2,6,6,0.2,0,0,0,0,0,0,0,0,0,57,57,1.7,44,44,1.3,32,32,1,1,1,0,3,3,0.1,0,0,0,8,8,0.2,13,13,0.4,2,2,0.1,7,7,0.2,5,5,0.2,2,2,0.1,3,3,0.1,0,0,0,0,0,0,0,0,0,2,2,0.1,0,0,0,0,0,0,122,127,3.7,58,62,1.8,64,65,2,0,0,0,13,13,0.4,1,2,0,0,0,0,0,0,0,0,0,0,0,0,0,16,16,0.5,38,38,1.2,2,2,0.1,1,1,0,0,0,0,0,0,0,0,0,0,1,1,0,341,348,10.4,0,0,0,341,348,10.4
State,Goa,3,3,11.8,0,0,0,0,0,1,1,3.9,0,0,0,0,0,0,0,0,0,0,0,0,0,0,0,1,1,3.9,1,1,3.9,0,0,0,1,1,3.9,0,0,0,0,0,0,0,0,0,0,0,0,0,0,0,0,0,0,0,0,0,0,0,0,0,0,0,0,0,0,0,0,0,0,0,0,0,0,0,0,0,0,0,0,0,0,0,0,0,0,0,0,0,0,0,0,0,0,0,0,0,0,0,0,0,0,0,0,0,0,0,0,0,0,0,0,0,0,1,1,3.9,0,0,0,0,0,0,0,0,0,0,0,0,0,0,0,0,0,0,3,3,11.8,0,0,0,3,3,11.8
State,Gujarat,1295,1372,31.8,31,0.8,32,36,0.8,172,186,4.2,56,60,1.4,55,59,1.3,1,1,0,0,0,0,0,0,0,82,84,2,73,75,1.8,30,30,0.7,36,37,0.9,3,4,0.1,0,0,0,4,4,0.1,9,9,0.2,0,0,0,43,43,1.1,9,9,0.2,2,2,0,7,7,0.2,0,0,0,0,0,0,2,2,0,19,19,0.5,0,0,0,13,13,0.3,107,108,2.6,41,41,1,66,67,1.6,0,0,0,88,105,2.2,21,23,0.5,9,12,0.2,0,0,0,9,12,0.2,8,8,0.2,335,346,8.2,311,330,7.6,121,124,3,60,63,1.5,0,0,0,0,0,0,0,0,0,61,61,1.5,1416,1496,34.8,0,0,0,1416,1496,34.8
State,Haryana,1034,1047,20.2,43,0.8,20,20,0.4,90,93,1.8,15,16,0.3,14,15,0.3,1,1,0,0,0,0,0,0,0,172,173,3.4,142,143,2.8,42,43,0.8,61,61,1.2,20,20,0.4,2,2,0,17,17,0.3,30,30,0.6,2,2,0,36,36,0.7,3,3,0.1,0,0,0,3,3,0.1,0,0,0,1,1,0,0,0,0,5,5,0.1,15,15,0.3,12,12,0.2,221,221,4.3,120,120,2.3,101,101,2,12,12,0.2,77,81,1.5,3,3,0.1,0,0,0,0,0,0,0,0,0,5,5,0.1,111,111,2.2,227,231,4.4,52,52,1,5,5,0.1,0,0,0,0,0,0,0,0,0,47,47,0.9,1086,1099,21.2,0,0,0,1086,1099,21.2
State,Himachal Pradesh,30,30,1.7,1,0.1,0,0,0,3,3,0.2,1,1,0.1,1,1,0.1,0,0,0,0,0,0,0,0,0,1,1,0.1,1,1,0.1,1,1,0.1,0,0,0,0,0,0,0,0,0,0,0,0,0,0,0,0,0,0,1,1,0.1,0,0,0,0,0,0,0,0,0,0,0,0,0,0,0,0,0,0,1,1,0.1,0,0,0,0,0,0,10,10,0.6,5,5,0.3,5,5,0.3,0,0,0,2,2,0.1,0,0,0,0,0,0,0,0,0,0,0,0,0,0,0,3,3,0.2,8,8,0.5,155,155,9,63,63,3.6,8,8,0.5,0,0,0,1,1,0.1,83,83,4.8,185,185,10.7,4,4,0.2,189,189,10.9
State,Jammu & Kashmir,0,0,0,0,0,0,0,0,0,0,0,0,0,0,0,0,0,0,0,0,0,0,0,0,0,0,0,0,0,0,0,0,0,0,0,0,0,0,0,0,0,0,0,0,0,0,0,0,0,0,0,0,0,0,0,0,0,0,0,0,0,0,0,0,0,0,0,0,0,0,0,0,0,0,0,0,0,0,0,0,0,0,0,0,0,0,0,0,0,0,0,0,0,0,0,0,0,0,0,0,0,0,0,0,0,0,0,0,0,0,0,0,0,0,0,0,0,0,0,0,0,0,0,0,0,0,0,0,0,0,0,0,0,0,0,0,0,0,0,0,2,2,0.2,2,2,0.2
State,Jharkhand,324,339,8.1,5,0.1,12,13,0.3,97,99,2.4,39,39,1,38,38,1,0,0,0,1,1,0,0,0,0,54,54,1.4,51,51,1.3,36,36,0.9,0,0,0,15,15,0.4,0,0,0,0,0,0,3,3,0.1,0,0,0,3,3,0.1,0,0,0,0,0,0,0,0,0,0,0,0,0,0,0,0,0,0,0,0,0,0,0,0,3,3,0.1,21,21,0.5,18,18,0.5,3,3,0.1,4,4,0.1,18,18,0.5,0,0,0,0,0,0,0,0,0,0,0,0,2,2,0.1,0,0,0,71,81,1.8,325,327,8.2,180,180,4.5,30,30,0.8,1,1,0,1,1,0,113,115,2.8,649,666,16.3,2,2,0.1,651,668,16.3
State,Karnataka,1417,1689,13.5,56,0.5,90,112,0.9,347,420,3.3,34,53,0.3,33,52,0.3,0,0,0,1,1,0,0,0,0,192,245,1.8,183,236,1.7,120,172,1.1,19,19,0.2,42,42,0.4,0,0,0,2,3,0,9,9,0.1,2,2,0,27,28,0.3,19,19,0.2,15,15,0.1,4,4,0,0,0,0,0,0,0,0,0,0,2,2,0,2,2,0,4,5,0,183,183,1.7,97,97,0.9,86,86,0.8,4,4,0,127,207,1.2,1,1,0,1,1,0,0,0,0,1,1,0,4,5,0,150,156,1.4,199,216,1.9,83,91,0.8,50,56,0.5,1,1,0,2,2,0,0,0,0,30,32,0.3,1500,1780,14.3,4,4,0,1504,1784,14.4
State,Kerala,776,829,25.5,13,0.4,13,13,0.4,174,185,5.7,28,29,0.9,27,28,0.9,0,0,0,0,0,0,1,1,0,130,130,4.3,99,99,3.3,80,80,2.6,14,14,0.5,4,4,0.1,1,1,0,0,0,0,31,31,1,5,5,0.2,11,13,0.4,6,6,0.2,0,0,0,6,6,0.2,0,0,0,0,0,0,0,0,0,0,0,0,2,2,0.1,3,5,0.1,140,140,4.6,59,59,1.9,81,81,2.7,2,2,0.1,33,33,1.1,0,0,0,0,0,0,0,0,0,0,0,0,2,2,0.1,13,14,0.4,212,250,7,82,89,2.7,66,73,2.2,0,0,0,0,0,0,0,0,0,16,16,0.5,858,918,28.2,0,0,0,858,918,28.2
State,Madhya Pradesh,5299,5488,46.7,85,0.7,82,92,0.7,2576,2704,22.7,79,85,0.7,79,85,0.7,0,0,0,0,0,0,0,0,0,619,620,5.5,505,506,4.5,356,356,3.1,86,86,0.8,23,23,0.2,2,2,0,38,39,0.3,114,114,1,7,7,0.1,53,53,0.5,26,26,0.2,13,13,0.1,13,13,0.1,0,0,0,0,0,0,0,0,0,20,20,0.2,0,0,0,7,7,0.1,510,511,4.5,296,296,2.6,214,215,1.9,2,2,0,54,62,0.5,4,5,0,0,0,0,0,0,0,0,0,0,11,11,0.1,415,418,3.7,804,833,7.1,1,1,0,0,0,0,0,0,0,0,0,0,0,0,0,1,1,0,5300,5489,46.7,0,0,0,5300,5489,46.7
State,Maharashtra,1932,2138,14.6,68,0.4,68,98,0.5,202,248,1.5,71,81,0.5,71,81,0.5,0,0,0,0,0,0,0,0,0,405,414,3.1,324,333,2.4,170,173,1.3,110,116,0.8,8,8,0.1,2,2,0,34,34,0.3,81,81,0.6,10,10,0.1,59,61,0.4,27,28,0.2,3,3,0,24,25,0.2,1,2,0,0,0,0,1,1,0,17,17,0.1,0,0,0,13,13,0.1,377,378,2.8,196,197,1.5,181,181,1.4,0,0,0,220,297,1.7,18,18,0.1,11,11,0.1,0,0,0,11,11,0.1,14,15,0.1,13,13,0.1,405,426,3.1,217,220,1.6,126,127,0.9,0,0,0,0,0,0,0,0,0,91,93,0.7,2149,2358,16.2,1,1,0,2150,2359,16.2
State,Manipur,0,0,0,0,0,0,0,0,0,0,0,0,0,0,0,0,0,0,0,0,0,0,0,0,0,0,0,0,0,0,0,0,0,0,0,0,0,0,0,0,0,0,0,0,0,0,0,0,0,0,0,0,0,0,0,0,0,0,0,0,0,0,0,0,0,0,0,0,0,0,0,0,0,0,0,0,0,0,0,0,0,0,0,0,0,0,0,0,0,0,0,0,0,0,0,0,0,0,0,0,0,0,0,0,0,0,0,0,0,0,0,0,0,0,0,0,0,0,0,0,0,0,0,0,0,0,0,0,0,0,0,0,0,0,0,0,0,0,0,0,0,0,0,0,0,0
State,Meghalaya,0,0,0,0,0,0,0,0,0,0,0,0,0,0,0,0,0,0,0,0,0,0,0,0,0,0,0,0,0,0,0,0,0,0,0,0,0,0,0,0,0,0,0,0,0,0,0,0,0,0,0,0,0,0,0,0,0,0,0,0,0,0,0,0,0,0,0,0,0,0,0,0,0,0,0,0,0,0,0,0,0,0,0,0,0,0,0,0,0,0,0,0,0,0,0,0,0,0,0,0,0,0,0,0,0,0,0,0,0,0,0,0,0,0,0,0,0,0,0,0,0,0,0,0,0,0,0,0,0,0,0,0,0,0,0,0,0,0,0,0,0,0,0,0,0,0
State,Mizoram,0,0,0,0,0,0,0,0,0,0,0,0,0,0,0,0,0,0,0,0,0,0,0,0,0,0,0,0,0,0,0,0,0,0,0,0,0,0,0,0,0,0,0,0,0,0,0,0,0,0,0,0,0,0,0,0,0,0,0,0,0,0,0,0,0,0,0,0,0,0,0,0,0,0,0,0,0,0,0,0,0,0,0,0,0,0,0,0,0,0,0,0,0,0,0,0,0,0,0,0,0,0,0,0,0,0,0,0,0,0,0,0,0,0,0,0,0,0,0,0,0,0,0,0,0,0,0,0,0,0,0,0,0,0,0,0,0,0,0,0,0,0,0,0,0,0
State,Nagaland,0,0,NA,0,NA,0,0,NA,0,0,NA,0,0,NA,0,0,NA,0,0,NA,0,0,NA,0,0,NA,0,0,NA,0,0,NA,0,0,NA,0,0,NA,0,0,NA,0,0,NA,0,0,NA,0,0,NA,0,0,NA,0,0,NA,0,0,NA,0,0,NA,0,0,NA,0,0,NA,0,0,NA,0,0,NA,0,0,NA,0,0,NA,0,0,NA,0,0,NA,0,0,NA,0,0,NA,0,0,NA,0,0,NA,0,0,NA,0,0,NA,0,0,NA,0,0,NA,0,0,NA,0,0,NA,0,0,NA,0,0,NA,0,0,NA,0,0,NA,0,0,NA,0,0,NA,0,0,NA,0,0,NA,0,0,NA,0,0,NA
State,Odisha,1845,1855,25.7,22,0.3,9,9,0.1,33,33,0.5,4,4,0.1,4,4,0.1,0,0,0,0,0,0,0,0,0,6,6,0.1,6,6,0.1,3,3,0,3,3,0,0,0,0,0,0,0,0,0,0,0,0,0,1,1,0,2,2,0,2,2,0,0,0,0,2,2,0,0,0,0,0,0,0,0,0,0,0,0,0,0,0,0,0,0,0,199,199,2.8,188,188,2.6,11,11,0.2,1,1,0,162,171,2.3,0,0,0,0,0,0,0,0,0,0,0,0,12,13,0.2,428,428,6,966,966,13.4,41,41,0.6,0,0,0,0,0,0,0,0,0,0,0,0,41,41,0.6,1886,1896,26.2,0,0,0,1886,1896,26.2
State,Punjab,130,132,1.5,9,0.1,6,6,0.1,19,20,0.2,11,11,0.1,11,11,0.1,0,0,0,0,0,0,0,0,0,10,10,0.1,9,9,0.1,8,8,0.1,0,0,0,1,1,0,0,0,0,0,0,0,1,1,0,0,0,0,3,3,0,0,0,0,0,0,0,0,0,0,0,0,0,0,0,0,0,0,0,3,3,0,0,0,0,0,0,0,19,19,0.2,12,12,0.1,7,7,0.1,3,3,0,0,0,0,0,0,0,0,0,0,0,0,0,0,0,0,0,0,0,4,4,0,47,47,0.5,36,37,0.4,19,20,0.2,1,1,0,0,0,0,0,0,0,16,16,0.2,166,169,1.9,0,0,0,166,169,1.9
State,Rajasthan,6659,6717,54.5,66,0.5,69,71,0.6,1514,1517,12.4,13,13,0.1,13,13,0.1,0,0,0,0,0,0,0,0,0,531,532,4.3,495,496,4.1,373,373,3.1,66,66,0.5,24,25,0.2,2,2,0,30,30,0.2,36,36,0.3,5,5,0,141,151,1.2,53,55,0.4,6,6,0,47,49,0.4,0,0,0,1,1,0,0,0,0,31,37,0.3,1,1,0,55,57,0.5,554,556,4.5,491,493,4,63,63,0.5,72,72,0.6,6,6,0,5,5,0,1,1,0,0,0,0,1,1,0,12,12,0.1,3,3,0,3668,3707,30,135,136,1.1,66,67,0.5,0,0,0,0,0,0,0,0,0,69,69,0.6,6794,6853,55.6,0,0,0,6794,6853,55.6
State,Sikkim,2,2,7.1,0,0,0,0,0,1,1,3.5,0,0,0,0,0,0,0,0,0,0,0,0,0,0,0,0,0,0,0,0,0,0,0,0,0,0,0,0,0,0,0,0,0,0,0,0,0,0,0,0,0,0,0,0,0,0,0,0,0,0,0,0,0,0,0,0,0,0,0,0,0,0,0,0,0,0,0,0,0,0,0,0,0,0,0,0,0,0,0,0,0,0,0,0,0,0,0,1,1,3.5,0,0,0,0,0,0,0,0,0,0,0,0,0,0,0,0,0,0,2,2,7.1,2,2,7.1,0,0,0,0,0,0,0,0,0,0,0,0,4,4,14.1,0,0,0,4,4,14.1
State,Tamil Nadu,1060,1305,7.3,52,0.4,75,105,0.5,437,483,3,5,5,0,4,4,0,1,1,0,0,0,0,0,0,0,19,22,0.1,17,20,0.1,12,15,0.1,2,2,0,2,2,0,0,0,0,1,1,0,2,2,0,0,0,0,7,7,0,0,0,0,0,0,0,0,0,0,0,0,0,0,0,0,0,0,0,2,2,0,3,3,0,2,2,0,97,107,0.7,41,43,0.3,56,64,0.4,2,2,0,90,171,0.6,0,0,0,0,0,0,0,0,0,0,0,0,7,8,0,46,48,0.3,223,295,1.5,84,95,0.6,21,21,0.1,0,0,0,1,1,0,1,1,0,61,72,0.4,1144,1400,7.9,0,0,0,1144,1400,7.9
State,Telangana,1545,1654,28.4,42,0.7,35,38,0.6,172,230,3.2,20,36,0.4,20,36,0.4,0,0,0,0,0,0,0,0,0,96,98,1.8,93,95,1.7,42,43,0.8,18,19,0.3,4,4,0.1,4,4,0.1,25,25,0.5,3,3,0.1,11,11,0.2,14,16,0.3,7,9,0.1,2,2,0,5,7,0.1,0,0,0,0,0,0,0,0,0,4,4,0.1,1,1,0,2,2,0,187,187,3.4,126,126,2.3,61,61,1.1,4,4,0.1,5,9,0.1,0,0,0,0,0,0,0,0,0,0,0,0,3,3,0.1,147,150,2.7,813,830,15,145,158,2.7,96,105,1.8,0,0,0,0,0,0,0,0,0,49,53,0.9,1690,1812,31.1,0,0,0,1690,1812,31.1
State,Tripura,0,0,0,0,0,0,0,0,0,0,0,0,0,0,0,0,0,0,0,0,0,0,0,0,0,0,0,0,0,0,0,0,0,0,0,0,0,0,0,0,0,0,0,0,0,0,0,0,0,0,0,0,0,0,0,0,0,0,0,0,0,0,0,0,0,0,0,0,0,0,0,0,0,0,0,0,0,0,0,0,0,0,0,0,0,0,0,0,0,0,0,0,0,0,0,0,0,0,0,0,0,0,0,0,0,0,0,0,0,0,0,0,0,0,0,0,0,0,0,0,0,0,0,0,0,0,0,0,0,0,0,0,0,0,0,0,0,0,0,0,0,0,0,0,0,0
State,Uttar Pradesh,9451,9790,22.9,219,0.5,110,110,0.3,1560,1580,3.8,281,294,0.7,276,289,0.7,0,0,0,0,0,0,5,5,0,776,796,1.9,686,698,1.7,339,346,0.8,226,229,0.5,104,105,0.3,2,2,0,15,16,0,90,98,0.2,0,0,0,449,451,1.1,196,198,0.5,20,22,0,176,176,0.4,0,0,0,4,4,0,0,0,0,243,243,0.6,0,0,0,6,6,0,537,545,1.3,466,474,1.1,71,71,0.2,12,12,0,338,376,0.8,1,1,0,0,0,0,0,0,0,0,0,0,13,17,0,1109,1130,2.7,4057,4259,9.8,2378,2397,5.7,1076,1084,2.6,0,0,0,21,21,0.1,0,0,0,1281,1292,3.1,11829,12187,28.6,0,0,0,11829,12187,28.6
State,Uttarakhand,59,61,3.1,4,0.2,0,0,0,11,11,0.6,0,0,0,0,0,0,0,0,0,0,0,0,0,0,0,1,1,0.1,1,1,0.1,1,1,0.1,0,0,0,0,0,0,0,0,0,0,0,0,0,0,0,0,0,0,1,1,0.1,1,1,0.1,0,0,0,1,1,0.1,0,0,0,0,0,0,0,0,0,0,0,0,0,0,0,0,0,0,7,7,0.4,6,6,0.3,1,1,0.1,0,0,0,5,5,0.3,0,0,0,0,0,0,0,0,0,0,0,0,0,0,0,7,9,0.4,23,23,1.2,25,26,1.3,22,23,1.2,2,2,0.1,0,0,0,1,1,0.1,0,0,0,84,87,4.4,0,0,0,84,87,4.4
State,West Bengal,100,107,0.5,1,0,2,2,0,4,4,0,5,8,0,5,8,0,0,0,0,0,0,0,0,0,0,9,9,0,9,9,0,7,7,0,1,1,0,1,1,0,0,0,0,0,0,0,0,0,0,1,1,0,1,1,0,0,0,0,0,0,0,0,0,0,0,0,0,0,0,0,0,0,0,1,1,0,0,0,0,0,0,0,3,3,0,2,2,0,1,1,0,0,0,0,2,2,0,0,0,0,0,0,0,0,0,0,0,0,0,0,0,0,4,4,0,68,72,0.3,19,20,0.1,1,1,0,0,0,0,0,0,0,0,0,0,18,19,0.1,119,127,0.6,0,0,0,119,127,0.6
UT,Chandigarh,1,1,0.5,0,0,0,0,0,0,0,0,0,0,0,0,0,0,0,0,0,0,0,0,0,0,0,0,0,0,0,0,0,0,0,0,0,0,0,0,0,0,0,0,0,0,0,0,0,0,0,0,0,0,0,0,0,0,0,0,0,0,0,0,0,0,0,0,0,0,0,0,0,0,0,0,0,0,0,0,0,0,0,0,1,1,0.5,1,1,0.5,0,0,0,0,0,0,0,0,0,0,0,0,0,0,0,0,0,0,0,0,0,0,0,0,0,0,0,0,0,0,0,0,0,0,0,0,0,0,0,0,0,0,0,0,0,0,0,0,1,1,0.5,0,0,0,1,1,0.5
UT,D & N Haveli,0,0,0,0,0,0,0,0,0,0,0,0,0,0,0,0,0,0,0,0,0,0,0,0,0,0,0,0,0,0,0,0,0,0,0,0,0,0,0,0,0,0,0,0,0,0,0,0,0,0,0,0,0,0,0,0,0,0,0,0,0,0,0,0,0,0,0,0,0,0,0,0,0,0,0,0,0,0,0,0,0,0,0,0,0,0,0,0,0,0,0,0,0,0,0,0,0,0,0,0,0,0,0,0,0,0,0,0,0,0,0,0,0,0,0,0,0,0,0,1,1,16.2,0,0,0,1,1,16.2,0,0,0,0,0,0,0,0,0,1,1,16.2,0,0,0,1,1,16.2
UT,Daman & Diu,0,0,0,0,0,0,0,0,0,0,0,0,0,0,0,0,0,0,0,0,0,0,0,0,0,0,0,0,0,0,0,0,0,0,0,0,0,0,0,0,0,0,0,0,0,0,0,0,0,0,0,0,0,0,0,0,0,0,0,0,0,0,0,0,0,0,0,0,0,0,0,0,0,0,0,0,0,0,0,0,0,0,0,0,0,0,0,0,0,0,0,0,0,0,0,0,0,0,0,0,0,0,0,0,0,0,0,0,0,0,0,0,0,0,0,0,0,0,0,1,1,16.3,0,0,0,0,0,0,0,0,0,0,0,0,1,1,16.3,1,1,16.3,0,0,0,1,1,16.3
UT,Delhi,43,44,1.5,0,0,0,0,0,3,3,0.1,1,1,0,1,1,0,0,0,0,0,0,0,0,0,0,9,9,0.3,9,9,0.3,3,3,0.1,3,3,0.1,3,3,0.1,0,0,0,0,0,0,0,0,0,3,3,0.1,0,0,0,0,0,0,0,0,0,0,0,0,0,0,0,0,0,0,0,0,0,0,0,0,0,0,0,0,0,0,6,6,0.2,5,5,0.2,1,1,0,0,0,0,0,0,0,0,0,0,0,0,0,0,0,0,0,0,0,0,0,0,1,1,0,20,21,0.7,33,35,1.2,33,35,1.2,0,0,0,0,0,0,0,0,0,0,0,0,76,79,2.7,0,0,0,76,79,2.7
UT,Puducherry,0,0,0,0,0,0,0,0,0,0,0,0,0,0,0,0,0,0,0,0,0,0,0,0,0,0,0,0,0,0,0,0,0,0,0,0,0,0,0,0,0,0,0,0,0,0,0,0,0,0,0,0,0,0,0,0,0,0,0,0,0,0,0,0,0,0,0,0,0,0,0,0,0,0,0,0,0,0,0,0,0,0,0,0,0,0,0,0,0,0,0,0,0,0,0,0,0,0,0,0,0,0,0,0,0,0,0,0,0,0,0,0,0,0,0,0,0,0,0,4,4,2,4,4,2,0,0,0,0,0,0,0,0,0,0,0,0,4,4,2,0,0,0,4,4,2
